timestamp,score_lit,age,gender,age_of_exp,condition,bnk_sta,fe_exp,pc_disc,fs_inprac,conf_mm,conf_prep,conf_emer,emer_pri,conf_infd,conf_track,plan_largeps,conf_save,conf_goals,score_conf
5/19/2026 8:37:23,35,35-44,Female,1,1,1,0,0,0,4,3,5,4,4,4,4,5,4,37
5/19/2026 9:26:19,50,35-44,Male,1,0,0,0,0,0,3,4,3,5,2,2,3,3,3,28
5/19/2026 9:45:34,30,18-24,Female,0,0,0,0,1,0,4,4,5,5,4,4,4,4,4,38
5/19/2026 9:55:12,25,18-24,Female,0,0,0,0,1,0,1,1,1,1,1,2,1,1,1,10
5/19/2026 10:07:03,35,18-24,Male,1,1,0,0,1,0,3,3,4,2,3,3,5,4,3,30
5/19/2026 10:12:33,35,18-24,Male,1,1,0,1,1,0,4,4,5,4,4,5,4,5,3,38
5/19/2026 10:25:58,35,18-24,Female,1,0,0,0,1,0,3,4,4,2,1,3,4,3,4,28
5/19/2026 10:36:25,50,18-24,Prefer not to say,2,3,1,1,2,1,4,4,4,3,4,3,4,4,3,33
5/19/2026 10:57:37,45,18-24,Male,1,0,0,0,1,1,4,5,5,5,5,3,3,5,2,37
5/19/2026 11:05:55,20,18-24,Female,0,4,0,0,0,0,3,3,3,3,4,3,3,3,4,29
5/19/2026 11:06:49,50,25-34,Male,1,3,0,1,1,0,4,5,5,4,4,2,5,5,3,37
5/19/2026 11:07:49,50,18-24,Female,0,0,0,0,0,1,3,3,4,3,3,3,4,4,2,29
5/19/2026 11:22:58,45,25-34,Male,0,0,0,0,1,0,4,3,4,4,5,5,5,4,4,38
5/19/2026 11:42:31,25,18-24,Female,0,0,0,0,1,0,3,2,3,1,2,3,4,3,2,23
5/19/2026 11:53:01,40,18-24,Female,2,1,0,0,0,0,3,3,3,1,3,2,4,2,2,23
5/19/2026 12:00:01,40,18-24,Female,1,0,0,1,1,1,4,3,5,2,4,4,4,5,5,36
5/19/2026 12:05:32,35,18-24,Female,1,3,1,0,2,0,3,2,5,4,3,4,5,5,3,34
5/19/2026 12:13:46,40,18-24,Male,1,1,0,0,0,0,4,4,5,3,5,5,5,5,3,39
5/19/2026 12:22:51,30,45+,Male,1,1,0,0,1,1,5,3,3,3,5,5,3,3,3,33
5/19/2026 13:06:32,50,18-24,Male,2,1,1,0,1,1,3,3,4,3,4,4,4,2,2,29
5/19/2026 13:37:45,25,35-44,Female,0,0,0,0,0,0,4,4,2,1,4,4,2,2,2,25
5/19/2026 13:55:01,50,25-34,Male,0,0,0,0,0,0,3,4,4,2,4,3,4,3,2,29
5/19/2026 14:04:22,50,18-24,Male,0,0,0,1,1,1,4,4,5,3,4,5,5,4,3,37
5/19/2026 14:21:16,25,35-44,Female,0,1,0,0,0,0,3,2,2,1,3,4,3,3,2,23
5/19/2026 14:30:08,15,35-44,Female,1,3,0,0,0,0,5,4,4,1,3,4,4,3,2,30
5/19/2026 14:44:56,45,18-24,Female,2,0,0,0,1,1,4,5,5,4,4,4,5,5,3,39
5/19/2026 14:48:27,50,35-44,Female,2,1,1,0,2,1,4,4,3,1,5,5,4,3,3,32
5/19/2026 14:50:19,25,18-24,Male,1,1,0,0,0,1,5,4,5,5,3,2,4,3,3,34
5/19/2026 15:12:39,30,18-24,Female,1,1,0,1,1,1,3,2,4,4,3,3,4,3,4,30
5/19/2026 15:16:38,30,18-24,Male,1,1,0,0,1,0,5,5,5,5,5,5,5,5,5,45
5/19/2026 15:34:12,20,35-44,Female,0,1,0,0,1,1,4,3,2,1,3,2,2,2,2,21
5/19/2026 15:39:10,25,45+,Female,1,0,0,1,1,1,5,4,5,3,4,5,5,4,5,40
5/19/2026 15:55:14,30,45+,Female,1,0,0,0,0,1,5,5,5,3,5,5,5,2,4,39
5/19/2026 15:57:49,50,25-34,Male,1,1,1,0,1,1,5,4,4,4,4,4,4,4,4,37
5/19/2026 16:10:02,45,35-44,Male,0,0,0,0,0,0,2,2,3,2,2,2,4,3,1,21
5/19/2026 16:25:45,50,35-44,Female,1,1,1,0,1,1,4,5,5,5,4,4,4,4,4,39
5/19/2026 17:38:44,35,18-24,Female,1,0,0,0,1,0,5,4,5,4,4,5,4,5,3,39
5/19/2026 17:45:27,40,45+,Female,0,0,0,0,0,0,3,4,5,5,5,3,5,5,3,38
5/19/2026 18:22:21,35,18-24,Female,0,0,0,0,1,0,3,1,2,1,3,4,4,2,2,22
5/19/2026 18:50:02,45,18-24,Female,1,3,0,0,1,1,3,2,3,2,3,4,3,4,3,27
5/19/2026 20:05:48,20,18-24,Female,0,0,0,0,2,1,4,3,4,3,3,3,4,2,4,30
5/19/2026 20:51:44,35,35-44,Female,1,0,0,0,2,1,4,3,4,2,4,3,4,3,3,30
5/19/2026 21:16:26,40,45+,Female,1,1,1,0,0,1,4,4,4,4,5,4,4,4,4,37
5/19/2026 21:22:57,40,18-24,Female,0,0,0,0,0,1,5,4,4,2,4,5,5,5,5,39
5/19/2026 23:20:35,25,18-24,Male,0,3,0,0,1,1,3,3,4,4,4,4,2,3,4,31
5/19/2026 23:31:23,15,25-34,Female,1,1,1,0,1,0,3,2,2,1,2,2,2,3,2,19
5/20/2026 1:42:06,50,18-24,Male,2,1,1,0,1,1,4,4,3,1,5,2,3,2,3,27
5/20/2026 5:06:04,35,18-24,Female,0,1,0,0,0,0,3,3,4,2,3,3,2,3,2,25
5/20/2026 6:59:39,40,18-24,Female,0,0,0,0,1,1,3,2,4,2,3,5,5,4,4,32
5/20/2026 10:10:44,50,45+,Male,1,1,0,0,1,0,4,4,3,1,4,4,5,5,4,34
5/20/2026 10:22:37,50,35-44,Female,0,0,0,0,2,0,5,4,5,2,5,5,5,5,3,39
5/20/2026 11:36:58,45,18-24,Female,1,1,0,0,1,1,3,3,3,4,4,4,4,3,3,31
5/20/2026 16:12:34,40,25-34,Prefer not to say,0,0,0,0,1,0,3,4,5,3,4,2,4,5,1,31
5/20/2026 17:52:15,45,18-24,Male,1,0,0,0,1,0,3,2,2,1,3,5,5,3,2,26
5/20/2026 19:04:53,35,45+,Female,1,1,0,0,1,1,5,3,4,1,5,5,3,3,5,34
5/20/2026 21:29:16,25,45+,Female,1,1,0,0,2,1,5,4,5,5,4,4,5,5,5,42
5/21/2026 18:33:47,45,18-24,Female,0,0,0,0,0,0,2,1,3,1,1,4,2,2,2,18
5/21/2026 18:38:42,50,25-34,Male,1,0,0,0,1,0,3,3,5,2,2,1,2,5,1,24
5/22/2026 22:46:52,30,45+,Female,2,4,0,0,0,0,4,4,3,1,3,5,1,4,4,29
5/28/2026 14:28:22,50,18-24,Female,0,0,0,0,1,0,4,4,4,4,4,4,4,4,2,34
5/31/2026 15:46:11,35,35-44,Female,0,0,0,0,0,0,1,2,2,3,3,1,2,2,2,18
